{
    "avg_prec": 0.5396766611784034,
    "roc_auc": 0.9563285601485307
}